Year,State,Poverty,Cases,Annual_income,Demograph,COPD
2000,Alabama,14.6,8965.707259953162,34923,4452173,28995.966101694914
2000,Alaska,8.5,8965.707259953162,51433,627963,28995.966101694914
2000,Arizona,12.5,8965.707259953162,40437,5160586,28995.966101694914
2000,Arkansas,15.0,8965.707259953162,31496,2678588,28995.966101694914
2000,California,12.7,36601.0,46836,33987977,28995.966101694914
2000,Colorado,8.9,8965.707259953162,47505,4326921,28995.966101694914
2000,Connecticut,7.3,3959.0,52758,3411777,9514.0
2000,Delaware,8.7,8965.707259953162,47812,786373,28995.966101694914
2000,District of Columbia,16.3,8965.707259953162,40606,572046,28995.966101694914
2000,Florida,11.7,22705.0,38784,16047515,28995.966101694914
2000,Georgia,12.3,8965.707259953162,42057,8227303,28995.966101694914
2000,Hawaii,9.9,8965.707259953162,49005,1213519,28995.966101694914
2000,Idaho,11.2,8965.707259953162,37929,1299430,28995.966101694914
2000,Illinois,10.0,8965.707259953162,46327,12434161,28995.966101694914
2000,Indiana,8.8,8965.707259953162,41511,6091866,28995.966101694914
2000,Iowa,8.3,2491.0,40443,2929067,28995.966101694914
2000,Kansas,8.9,2652.0,41150,2693681,28995.966101694914
2000,Kentucky,13.9,5897.0,35150,4049021,28995.966101694914
2000,Louisiana,17.3,5858.0,32124,4471885,28995.966101694914
2000,Maine,9.9,8965.707259953162,37589,1277072,28995.966101694914
2000,Maryland,7.9,7560.0,52740,5311034,28995.966101694914
2000,Massachusetts,8.4,8039.0,49266,6361104,28995.966101694914
2000,Michigan,9.7,8965.707259953162,45202,9952450,28995.966101694914
2000,Minnesota,6.9,4604.0,49170,4933692,28995.966101694914
2000,Mississippi,17.6,8965.707259953162,32542,2848353,28995.966101694914
2000,Missouri,10.6,6853.0,40411,5607285,26680.0
2000,Montana,13.3,8965.707259953162,33281,903773,28995.966101694914
2000,Nebraska,8.9,8965.707259953162,40429,1713820,28995.966101694914
2000,Nevada,9.4,8965.707259953162,44698,2018741,28995.966101694914
2000,New Hampshire,5.6,872.0,49830,1239882,6471.0
2000,New Jersey,7.8,12721.0,52990,8430621,28995.966101694914
2000,New Mexico,17.3,1533.0,34487,1821204,28995.966101694914
2000,New York,13.2,39994.0,41763,19001780,28995.966101694914
2000,North Carolina,11.7,10230.0,38889,8081614,28995.966101694914
2000,North Dakota,10.4,8965.707259953162,35636,642023,28995.966101694914
2000,Ohio,9.8,8965.707259953162,42054,11363543,28995.966101694914
2000,Oklahoma,13.8,8965.707259953162,33417,3454365,28995.966101694914
2000,Oregon,10.6,2254.0,41662,3429708,28995.966101694914
2000,Pennsylvania,9.5,19960.0,41419,12284173,28995.966101694914
2000,Rhode Island,10.2,8965.707259953162,42305,1050268,28995.966101694914
2000,South Carolina,12.8,5982.0,37283,4024223,21324.0
2000,South Dakota,11.4,8965.707259953162,36146,755844,28995.966101694914
2000,Tennessee,12.6,7236.0,35760,5703719,28995.966101694914
2000,Texas,14.6,8965.707259953162,39090,20944499,28995.966101694914
2000,Utah,8.8,1287.0,45934,2244502,3059.0
2000,Vermont,8.8,8965.707259953162,40537,609618,28995.966101694914
2000,Virginia,8.9,8965.707259953162,46789,7105817,28995.966101694914
2000,Washington,9.6,5325.0,44846,5910512,28995.966101694914
2000,West Virginia,15.5,8965.707259953162,30187,1807021,28995.966101694914
2000,Wisconsin,8.1,5698.0,44503,5373999,28995.966101694914
2000,Wyoming,10.4,8965.707259953162,38934,494300,28995.966101694914
2001,Alabama,15.7,8965.707259953162,34761,4467634,28995.966101694914
2001,Alaska,8.7,8965.707259953162,52332,633714,28995.966101694914
2001,Arizona,13.2,8965.707259953162,41403,5273477,28995.966101694914
2001,Arkansas,15.9,8965.707259953162,32864,2691571,28995.966101694914
2001,California,12.9,35730.0,47064,34479458,28995.966101694914
2001,Colorado,8.7,8965.707259953162,48483,4425687,28995.966101694914
2001,Connecticut,7.1,4016.0,55060,3432835,9069.0
2001,Delaware,8.4,8965.707259953162,47876,795699,28995.966101694914
2001,District of Columbia,17.5,8965.707259953162,41112,574504,28995.966101694914
2001,Florida,12.6,24016.0,37319,16356966,28995.966101694914
2001,Georgia,12.7,8965.707259953162,42006,8377038,28995.966101694914
2001,Hawaii,10.4,8965.707259953162,46535,1225948,28995.966101694914
2001,Idaho,11.5,8965.707259953162,38459,1319962,28995.966101694914
2001,Illinois,10.1,8965.707259953162,46991,12488445,28995.966101694914
2001,Indiana,9.0,8965.707259953162,42073,6127760,28995.966101694914
2001,Iowa,8.2,2596.0,41216,2931997,28995.966101694914
2001,Kansas,9.5,3118.0,42081,2702162,28995.966101694914
2001,Kentucky,14.7,6472.0,35977,4068132,28995.966101694914
2001,Louisiana,18.3,6377.0,32959,4477875,28995.966101694914
2001,Maine,10.2,1137.0,38036,1285692,10544.0
2001,Maryland,7.7,7691.0,53090,5374691,28995.966101694914
2001,Massachusetts,8.2,8287.0,52092,6397634,28995.966101694914
2001,Michigan,9.8,15197.0,45688,9991120,28995.966101694914
2001,Minnesota,7.2,4373.0,49619,4982796,28995.966101694914
2001,Mississippi,19.0,8965.707259953162,30877,2852994,28995.966101694914
2001,Missouri,11.0,7098.0,39652,5641142,28731.0
2001,Montana,14.0,8965.707259953162,33151,906961,28995.966101694914
2001,Nebraska,9.3,8965.707259953162,41091,1719836,28995.966101694914
2001,Nevada,9.3,8965.707259953162,44325,2098399,28995.966101694914
2001,New Hampshire,6.0,853.0,50898,1255517,6265.0
2001,New Jersey,7.8,13722.0,54506,8492671,28995.966101694914
2001,New Mexico,18.0,1688.0,33733,1831690,28995.966101694914
2001,New York,13.7,39660.0,43149,19082838,28995.966101694914
2001,North Carolina,11.9,10379.0,39072,8210122,28995.966101694914
2001,North Dakota,11.4,8965.707259953162,36177,639062,28995.966101694914
2001,Ohio,10.3,8965.707259953162,41780,11387404,28995.966101694914
2001,Oklahoma,14.4,8965.707259953162,34912,3467100,28995.966101694914
2001,Oregon,11.1,2261.0,41752,3467937,28995.966101694914
2001,Pennsylvania,10.0,20772.0,42288,12298970,28995.966101694914
2001,Rhode Island,10.2,8965.707259953162,43884,1057142,28995.966101694914
2001,South Carolina,13.8,6494.0,36953,4064995,20620.0
2001,South Dakota,11.7,8965.707259953162,37096,757972,28995.966101694914
2001,Tennessee,13.2,7301.0,36629,5750789,28995.966101694914
2001,Texas,15.0,8965.707259953162,40152,21319622,28995.966101694914
2001,Utah,9.4,1305.0,45914,2283715,3094.0
2001,Vermont,8.9,423.0,41342,612223,28995.966101694914
2001,Virginia,8.8,8965.707259953162,48130,7198362,28995.966101694914
2001,Washington,9.9,5192.0,46284,5985722,28995.966101694914
2001,West Virginia,16.7,8965.707259953162,31156,1801481,28995.966101694914
2001,Wisconsin,8.1,5474.0,45435,5406835,28995.966101694914
2001,Wyoming,10.5,8965.707259953162,39988,494657,28995.966101694914
2002,Alabama,15.4,8965.707259953162,35943,4480089,28995.966101694914
2002,Alaska,9.3,8965.707259953162,51844,642337,28995.966101694914
2002,Arizona,13.6,8965.707259953162,40724,5396255,28995.966101694914
2002,Arkansas,16.3,8965.707259953162,32819,2705927,28995.966101694914
2002,California,13.3,36627.0,47323,34871843,28995.966101694914
2002,Colorado,9.5,8965.707259953162,48060,4490406,28995.966101694914
2002,Connecticut,7.8,4488.0,54543,3458749,9215.0
2002,Delaware,9.3,8965.707259953162,48096,806169,28995.966101694914
2002,District of Columbia,17.2,8965.707259953162,40617,573158,28995.966101694914
2002,Florida,12.8,25153.0,38226,16689370,28995.966101694914
2002,Georgia,13.0,8965.707259953162,42359,8508256,28995.966101694914
2002,Hawaii,11.0,8965.707259953162,47424,1239613,28995.966101694914
2002,Idaho,11.7,8965.707259953162,38242,1340372,28995.966101694914
2002,Illinois,11.3,8965.707259953162,44946,12525556,28995.966101694914
2002,Indiana,9.6,8965.707259953162,41973,6155967,28995.966101694914
2002,Iowa,9.1,2306.0,41052,2934234,28995.966101694914
2002,Kansas,10.0,3207.0,42104,2713535,28995.966101694914
2002,Kentucky,14.8,6801.0,35875,4089875,28995.966101694914
2002,Louisiana,18.1,6700.0,33536,4497267,28995.966101694914
2002,Maine,11.0,1097.0,37963,1295960,10530.0
2002,Maryland,8.3,7696.0,53866,5440389,28995.966101694914
2002,Massachusetts,9.0,8084.0,51085,6417206,29320.0
2002,Michigan,10.9,14551.0,44315,10015710,28995.966101694914
2002,Minnesota,7.5,4313.0,50157,5018935,28995.966101694914
2002,Mississippi,18.9,8965.707259953162,31434,2858681,28995.966101694914
2002,Missouri,11.3,7472.0,40309,5674825,30422.0
2002,Montana,14.0,8965.707259953162,34105,911667,28995.966101694914
2002,Nebraska,10.0,8965.707259953162,41130,1728292,28995.966101694914
2002,Nevada,10.1,8965.707259953162,44560,2173791,28995.966101694914
2002,New Hampshire,6.3,860.0,51550,1269089,6002.0
2002,New Jersey,8.3,13653.0,54932,8552643,28995.966101694914
2002,New Mexico,17.7,1883.0,34827,1855309,28995.966101694914
2002,New York,13.9,39961.0,42765,19137800,28995.966101694914
2002,North Carolina,12.9,11336.0,38194,8326201,28995.966101694914
2002,North Dakota,11.1,8965.707259953162,36223,638168,28995.966101694914
2002,Ohio,10.2,8965.707259953162,42246,11407889,28995.966101694914
2002,Oklahoma,14.5,8965.707259953162,35313,3489080,28995.966101694914
2002,Oregon,11.3,2532.0,41796,3513424,28995.966101694914
2002,Pennsylvania,10.0,20833.0,42043,12331031,28995.966101694914
2002,Rhode Island,11.0,8965.707259953162,43115,1065995,28995.966101694914
2002,South Carolina,14.0,7389.0,37442,4107795,21375.0
2002,South Dakota,12.4,8965.707259953162,36966,760020,28995.966101694914
2002,Tennessee,13.6,7807.0,37129,5795918,28995.966101694914
2002,Texas,15.4,8965.707259953162,40063,21690325,28995.966101694914
2002,Utah,9.7,1427.0,46165,2324815,3311.0
2002,Vermont,9.3,337.0,41962,615442,28995.966101694914
2002,Virginia,9.6,8965.707259953162,48224,7286873,28995.966101694914
2002,Washington,10.3,5548.0,46399,6052349,28995.966101694914
2002,West Virginia,16.1,8965.707259953162,30695,1805414,28995.966101694914
2002,Wisconsin,8.5,5248.0,45377,5445162,16086.0
2002,Wyoming,10.6,8965.707259953162,39772,500017,28995.966101694914
2003,Alabama,15.3,8965.707259953162,36131,4503491,28995.966101694914
2003,Alaska,9.8,8965.707259953162,52391,648414,28995.966101694914
2003,Arizona,13.9,8965.707259953162,41963,5510364,28995.966101694914
2003,Arkansas,16.0,8965.707259953162,33445,2724816,28995.966101694914
2003,California,13.7,39352.0,48440,35253159,28995.966101694914
2003,Colorado,10.0,8965.707259953162,49248,4528732,28995.966101694914
2003,Connecticut,8.0,4839.0,56409,3484336,9518.0
2003,Delaware,9.0,8965.707259953162,48770,818003,28995.966101694914
2003,District of Columbia,17.5,8965.707259953162,43215,568502,28995.966101694914
2003,Florida,13.0,29250.0,38985,17004085,28995.966101694914
2003,Georgia,13.4,8965.707259953162,42421,8622793,28995.966101694914
2003,Hawaii,10.8,8965.707259953162,48274,1251154,28995.966101694914
2003,Idaho,11.7,8965.707259953162,39859,1363380,28995.966101694914
2003,Illinois,11.4,8965.707259953162,47367,12556006,28995.966101694914
2003,Indiana,10.0,8965.707259953162,43323,6196638,28995.966101694914
2003,Iowa,9.1,2397.0,42278,2941999,39772.0
2003,Kansas,10.4,3344.0,43113,2723004,28995.966101694914
2003,Kentucky,15.0,7999.0,36663,4117170,28995.966101694914
2003,Louisiana,18.1,6596.0,33792,4521042,28995.966101694914
2003,Maine,10.7,1314.0,39212,1306513,11420.0
2003,Maryland,8.8,9042.0,54302,5496269,28995.966101694914
2003,Massachusetts,9.5,9945.0,52713,6422565,29113.0
2003,Michigan,11.0,16548.0,46291,10041152,28995.966101694914
2003,Minnesota,8.0,4657.0,50750,5053572,28995.966101694914
2003,Mississippi,18.3,8965.707259953162,32397,2868312,28995.966101694914
2003,Missouri,11.6,7917.0,40870,5709403,32161.0
2003,Montana,14.2,8965.707259953162,34449,919630,28995.966101694914
2003,Nebraska,9.9,8965.707259953162,41984,1738643,28995.966101694914
2003,Nevada,11.0,8965.707259953162,45249,2248850,28995.966101694914
2003,New Hampshire,6.4,1046.0,52409,1279840,6439.0
2003,New Jersey,8.9,16259.0,56356,8601402,28995.966101694914
2003,New Mexico,17.7,1988.0,35091,1877574,28995.966101694914
2003,New York,14.3,45204.0,44139,19175939,28995.966101694914
2003,North Carolina,13.4,12082.0,39438,8422501,28995.966101694914
2003,North Dakota,10.5,8965.707259953162,38223,638817,28995.966101694914
2003,Ohio,10.7,8965.707259953162,43119,11434788,28995.966101694914
2003,Oklahoma,14.7,8965.707259953162,35634,3504892,28995.966101694914
2003,Oregon,12.0,2471.0,42593,3547376,28995.966101694914
2003,Pennsylvania,10.6,25110.0,42952,12374658,28995.966101694914
2003,Rhode Island,11.3,8965.707259953162,45006,1071342,28995.966101694914
2003,South Carolina,13.8,7613.0,38003,4150297,21487.0
2003,South Dakota,12.3,8965.707259953162,38008,763729,28995.966101694914
2003,Tennessee,13.5,8415.0,37925,5847812,28995.966101694914
2003,Texas,16.2,8965.707259953162,39967,22030931,28995.966101694914
2003,Utah,10.0,1570.0,46709,2360137,3852.0
2003,Vermont,9.2,440.0,42649,617858,2737.0
2003,Virginia,10.0,8965.707259953162,50028,7366977,28995.966101694914
2003,Washington,11.0,4865.0,48185,6104115,28995.966101694914
2003,West Virginia,16.3,8965.707259953162,32967,1812295,28995.966101694914
2003,Wisconsin,8.9,6119.0,46538,5479203,16118.0
2003,Wyoming,10.8,8965.707259953162,41554,503453,28995.966101694914
2004,Alabama,16.1,8965.707259953162,37062,4530729,28995.966101694914
2004,Alaska,10.0,8965.707259953162,52141,659286,28995.966101694914
2004,Arizona,14.6,8965.707259953162,43696,5652404,28995.966101694914
2004,Arkansas,15.6,8965.707259953162,35295,2749686,28995.966101694914
2004,California,13.2,34447.0,49894,35574576,28995.966101694914
2004,Colorado,10.2,4344.0,50105,4575013,28995.966101694914
2004,Connecticut,9.1,4390.0,56617,3496094,7854.0
2004,Delaware,9.6,8965.707259953162,49545,830803,28995.966101694914
2004,District of Columbia,18.3,8965.707259953162,46211,567754,28995.966101694914
2004,Florida,11.9,27771.0,40900,17415318,28995.966101694914
2004,Georgia,13.7,8965.707259953162,42679,8769252,28995.966101694914
2004,Hawaii,9.0,8965.707259953162,51359,1273569,28995.966101694914
2004,Idaho,11.5,8965.707259953162,40509,1391802,28995.966101694914
2004,Illinois,11.9,8965.707259953162,47711,12589773,28995.966101694914
2004,Indiana,11.1,8965.707259953162,43217,6233007,28995.966101694914
2004,Iowa,10.5,2150.0,42865,2953635,36498.0
2004,Kansas,11.1,3054.0,41664,2734373,28995.966101694914
2004,Kentucky,16.3,7202.0,37046,4146101,28995.966101694914
2004,Louisiana,19.2,7687.0,35216,4552238,28995.966101694914
2004,Maine,11.5,1136.0,41287,1313688,10769.0
2004,Maryland,9.2,8357.0,57019,5546935,28995.966101694914
2004,Massachusetts,9.9,8855.0,53657,6412281,26543.0
2004,Michigan,12.5,16370.0,44409,10055315,28995.966101694914
2004,Minnesota,8.1,4476.0,51202,5087713,28995.966101694914
2004,Mississippi,19.3,8965.707259953162,34278,2889010,28995.966101694914
2004,Missouri,13.0,7665.0,40885,5747741,29210.0
2004,Montana,13.6,8965.707259953162,35574,930009,28995.966101694914
2004,Nebraska,10.0,8965.707259953162,42166,1749370,28995.966101694914
2004,Nevada,11.1,8965.707259953162,47231,2346222,28995.966101694914
2004,New Hampshire,6.6,1066.0,53377,1290121,6621.0
2004,New Jersey,8.4,15405.0,57338,8634561,15425.0
2004,New Mexico,16.7,1910.0,37838,1903808,28995.966101694914
2004,New York,14.5,41325.0,45343,19171567,28995.966101694914
2004,North Carolina,13.8,10745.0,40863,8553152,28995.966101694914
2004,North Dakota,10.8,8965.707259953162,39233,644705,28995.966101694914
2004,Ohio,11.7,8965.707259953162,43371,11452251,28995.966101694914
2004,Oklahoma,14.0,8965.707259953162,37109,3525233,28995.966101694914
2004,Oregon,12.9,2151.0,42568,3569463,28995.966101694914
2004,Pennsylvania,11.2,22054.0,43714,12410722,28995.966101694914
2004,Rhode Island,11.6,8965.707259953162,47037,1074579,28995.966101694914
2004,South Carolina,15.0,6575.0,39454,4210921,18758.0
2004,South Dakota,12.9,8965.707259953162,39265,770396,28995.966101694914
2004,Tennessee,15.0,8058.0,38945,5910809,28995.966101694914
2004,Texas,16.2,8965.707259953162,41645,22394023,28995.966101694914
2004,Utah,10.3,1466.0,47224,2401580,3386.0
2004,Vermont,8.7,362.0,44548,619920,2578.0
2004,Virginia,9.5,8965.707259953162,51103,7475575,28995.966101694914
2004,Washington,11.6,4597.0,48438,6178645,28995.966101694914
2004,West Virginia,16.2,8965.707259953162,33993,1816438,28995.966101694914
2004,Wisconsin,10.9,5378.0,46142,5514026,15446.0
2004,Wyoming,10.3,8965.707259953162,43785,509106,28995.966101694914
2005,Alabama,16.9,8965.707259953162,36936,4569805,28995.966101694914
2005,Alaska,10.8,8965.707259953162,55477,666946,28995.966101694914
2005,Arizona,14.4,7115.0,44402,5839077,16679.0
2005,Arkansas,17.2,8965.707259953162,35041,2781097,28995.966101694914
2005,California,13.3,35853.0,53627,35827943,105386.0
2005,Colorado,10.9,4357.0,50841,4631888,28995.966101694914
2005,Connecticut,8.3,4608.0,60840,3506956,9526.0
2005,Delaware,10.3,8965.707259953162,52508,845150,28995.966101694914
2005,District of Columbia,18.3,8965.707259953162,48078,567136,28995.966101694914
2005,Florida,12.8,27754.0,42437,17842038,86742.0
2005,Georgia,14.5,8965.707259953162,45564,8925922,28995.966101694914
2005,Hawaii,9.9,8965.707259953162,56133,1292729,28995.966101694914
2005,Idaho,13.4,8965.707259953162,41269,1428241,28995.966101694914
2005,Illinois,12.0,8965.707259953162,50270,12609903,28995.966101694914
2005,Indiana,12.2,8965.707259953162,44051,6278616,28995.966101694914
2005,Iowa,10.8,2409.0,43610,2964454,41567.0
2005,Kansas,11.7,3239.0,42861,2745299,28995.966101694914
2005,Kentucky,16.9,7710.0,37377,4182742,28995.966101694914
2005,Louisiana,20.2,6765.0,36547,4576628,28995.966101694914
2005,Maine,12.3,1145.0,42648,1318787,12558.0
2005,Maryland,8.3,9145.0,61546,5592379,28995.966101694914
2005,Massachusetts,10.3,9062.0,57176,6403290,29835.0
2005,Michigan,13.1,17162.0,46072,10051137,28995.966101694914
2005,Minnesota,9.2,4484.0,52048,5119598,28995.966101694914
2005,Mississippi,21.0,8965.707259953162,33090,2905943,28995.966101694914
2005,Missouri,13.6,7979.0,41946,5790300,34677.0
2005,Montana,14.6,8965.707259953162,38503,940102,28995.966101694914
2005,Nebraska,11.0,8965.707259953162,43675,1761497,28995.966101694914
2005,Nevada,11.1,8965.707259953162,49288,2432143,28995.966101694914
2005,New Hampshire,7.6,1025.0,56557,1298492,7429.0
2005,New Jersey,8.7,15319.0,61694,8651974,18716.0
2005,New Mexico,18.4,1963.0,37603,1932274,28995.966101694914
2005,New York,13.9,39004.0,49365,19132610,63784.0
2005,North Carolina,14.9,11170.0,40781,8705407,28995.966101694914
2005,North Dakota,11.6,8965.707259953162,40818,646089,28995.966101694914
2005,Ohio,13.0,8965.707259953162,43547,11463320,28995.966101694914
2005,Oklahoma,16.4,8965.707259953162,37020,3548597,28995.966101694914
2005,Oregon,14.1,2445.0,43065,3613202,28995.966101694914
2005,Pennsylvania,11.9,23759.0,44545,12449990,28995.966101694914
2005,Rhode Island,11.9,1531.0,50415,1067916,5115.0
2005,South Carolina,15.6,6658.0,39477,4270150,22974.0
2005,South Dakota,13.6,8965.707259953162,40096,775493,28995.966101694914
2005,Tennessee,15.6,8657.0,38947,5991057,28995.966101694914
2005,Texas,17.5,8965.707259953162,42165,22778123,28995.966101694914
2005,Utah,10.5,1521.0,48155,2457719,5240.0
2005,Vermont,10.4,419.0,45695,621215,3383.0
2005,Virginia,10.0,8965.707259953162,54207,7577105,28995.966101694914
2005,Washington,12.0,5158.0,49372,6257305,28995.966101694914
2005,West Virginia,18.0,8965.707259953162,33466,1820492,28995.966101694914
2005,Wisconsin,10.2,5599.0,47141,5546166,17394.0
2005,Wyoming,10.6,8965.707259953162,45501,514157,28995.966101694914
2006,Alabama,16.6,8965.707259953162,38811,4628981,28995.966101694914
2006,Alaska,10.9,8965.707259953162,58572,675302,28995.966101694914
2006,Arizona,14.2,6712.0,47315,6029141,12927.0
2006,Arkansas,17.3,8965.707259953162,36627,2821761,28995.966101694914
2006,California,13.1,33195.0,56646,36021202,94293.0
2006,Colorado,11.6,4147.0,52265,4720423,28995.966101694914
2006,Connecticut,8.3,4911.0,63352,3517460,8978.0
2006,Delaware,10.7,8965.707259953162,53714,859268,28995.966101694914
2006,District of Columbia,18.1,8965.707259953162,51746,570681,28995.966101694914
2006,Florida,12.6,26702.0,45494,18166990,82455.0
2006,Georgia,14.8,8965.707259953162,46808,9155813,28995.966101694914
2006,Hawaii,9.4,8965.707259953162,60554,1309731,28995.966101694914
2006,Idaho,12.8,8965.707259953162,42846,1468669,28995.966101694914
2006,Illinois,12.3,8965.707259953162,52012,12643955,28995.966101694914
2006,Indiana,12.5,8965.707259953162,45414,6332669,28995.966101694914
2006,Iowa,11.0,2082.0,44560,2982644,40815.0
2006,Kansas,12.2,2958.0,45369,2762931,28995.966101694914
2006,Kentucky,17.0,6988.0,39318,4219239,28995.966101694914
2006,Louisiana,19.4,5591.0,39122,4302665,28995.966101694914
2006,Maine,12.7,1063.0,43472,1323619,12450.0
2006,Maryland,8.0,9656.0,65041,5627367,28995.966101694914
2006,Massachusetts,10.0,9491.0,59930,6410084,29913.0
2006,Michigan,13.5,16091.0,47187,10036081,28995.966101694914
2006,Minnesota,9.7,4339.0,54022,5163555,28995.966101694914
2006,Mississippi,20.9,8965.707259953162,34615,2904978,28995.966101694914
2006,Missouri,13.8,7705.0,42838,5842704,31853.0
2006,Montana,14.4,8965.707259953162,40299,952692,28995.966101694914
2006,Nebraska,11.3,8965.707259953162,45369,1772693,28995.966101694914
2006,Nevada,10.5,8965.707259953162,52800,2522658,28995.966101694914
2006,New Hampshire,8.0,1010.0,59265,1308389,7291.0
2006,New Jersey,8.7,15502.0,64549,8661679,17042.0
2006,New Mexico,18.3,1797.0,40610,1962137,28995.966101694914
2006,New York,14.2,39638.0,51340,19104631,62953.0
2006,North Carolina,14.6,10533.0,42721,8917270,28995.966101694914
2006,North Dakota,11.7,8965.707259953162,41852,649422,28995.966101694914
2006,Ohio,13.2,8965.707259953162,44609,11481213,28995.966101694914
2006,Oklahoma,16.7,8965.707259953162,38753,3594090,28995.966101694914
2006,Oregon,13.4,2220.0,46228,3670883,28995.966101694914
2006,Pennsylvania,12.0,23711.0,46256,12510809,28995.966101694914
2006,Rhode Island,11.5,1464.0,51324,1063096,5079.0
2006,South Carolina,15.7,6109.0,41204,4357847,21685.0
2006,South Dakota,13.6,8965.707259953162,42432,783033,28995.966101694914
2006,Tennessee,16.1,8053.0,40368,6088766,28995.966101694914
2006,Texas,16.9,8965.707259953162,44943,23359580,28995.966101694914
2006,Utah,10.7,1292.0,51373,2525507,4557.0
2006,Vermont,10.2,360.0,47778,622892,3268.0
2006,Virginia,9.6,8965.707259953162,56297,7673725,28995.966101694914
2006,Washington,11.8,4510.0,52571,6370753,28995.966101694914
2006,West Virginia,17.6,8965.707259953162,35028,1827912,28995.966101694914
2006,Wisconsin,10.9,5071.0,48784,5577655,16394.0
2006,Wyoming,10.3,8965.707259953162,47819,522667,28995.966101694914
2007,Alabama,16.6,8965.707259953162,40596,4672840,28995.966101694914
2007,Alaska,9.8,8965.707259953162,62854,680300,28995.966101694914
2007,Arizona,14.1,6735.0,49923,6167681,13375.0
2007,Arkansas,17.6,8965.707259953162,38239,2848650,28995.966101694914
2007,California,12.4,32156.0,59928,36250311,98157.0
2007,Colorado,11.5,4083.0,55517,4803868,28995.966101694914
2007,Connecticut,7.9,4841.0,65969,3527270,9426.0
2007,Delaware,10.3,8965.707259953162,55988,871749,28995.966101694914
2007,District of Columbia,17.1,8965.707259953162,54812,574404,28995.966101694914
2007,Florida,12.1,26802.0,47804,18367842,80484.0
2007,Georgia,14.3,8965.707259953162,49080,9349988,28995.966101694914
2007,Hawaii,8.5,8965.707259953162,62613,1315675,28995.966101694914
2007,Idaho,12.1,8965.707259953162,46136,1505105,28995.966101694914
2007,Illinois,11.9,8965.707259953162,54141,12695866,28995.966101694914
2007,Indiana,12.3,8965.707259953162,47422,6379599,28995.966101694914
2007,Iowa,11.0,2190.0,47324,2999212,23598.0
2007,Kansas,11.2,2941.0,47341,2783785,28995.966101694914
2007,Kentucky,17.2,6302.0,40299,4256672,28995.966101694914
2007,Louisiana,18.8,5700.0,40866,4375581,28995.966101694914
2007,Maine,12.2,998.0,45832,1327040,12462.0
2007,Maryland,8.3,9776.0,67989,5653408,28995.966101694914
2007,Massachusetts,10.0,9385.0,62383,6431559,29096.0
2007,Michigan,13.9,15393.0,47931,10001284,28995.966101694914
2007,Minnesota,9.5,4793.0,55664,5207203,14522.0
2007,Mississippi,20.7,8965.707259953162,36424,2928350,28995.966101694914
2007,Missouri,13.3,7610.0,45012,5887612,33861.0
2007,Montana,14.1,8965.707259953162,43000,964706,28995.966101694914
2007,Nebraska,11.1,8965.707259953162,47072,1783440,28995.966101694914
2007,Nevada,10.6,8965.707259953162,54996,2601072,28995.966101694914
2007,New Hampshire,7.3,1075.0,62048,1312540,8393.0
2007,New Jersey,8.5,15137.0,67142,8677885,18223.0
2007,New Mexico,17.9,1874.0,41509,1990070,28995.966101694914
2007,New York,13.8,37780.0,53448,19132335,61866.0
2007,North Carolina,14.3,10513.0,44772,9118037,28995.966101694914
2007,North Dakota,11.8,8965.707259953162,43936,652822,28995.966101694914
2007,Ohio,13.1,8965.707259953162,46645,11500468,28995.966101694914
2007,Oklahoma,15.8,8965.707259953162,41551,3634349,28995.966101694914
2007,Oregon,13.0,2391.0,48735,3722417,28995.966101694914
2007,Pennsylvania,11.6,22916.0,48562,12563937,28995.966101694914
2007,Rhode Island,11.9,1483.0,52755,1057315,5211.0
2007,South Carolina,15.1,6055.0,43508,4444110,22314.0
2007,South Dakota,13.2,8965.707259953162,43507,791623,28995.966101694914
2007,Tennessee,15.8,7683.0,42389,6175727,28995.966101694914
2007,Texas,16.3,8965.707259953162,47563,23831983,28995.966101694914
2007,Utah,9.8,1276.0,55220,2597746,4921.0
2007,Vermont,10.1,399.0,49698,623481,3157.0
2007,Virginia,9.9,8965.707259953162,59575,7751000,28995.966101694914
2007,Washington,11.4,4647.0,55628,6461587,28995.966101694914
2007,West Virginia,17.1,2661.0,37057,1834052,28995.966101694914
2007,Wisconsin,10.8,4997.0,50567,5610775,17890.0
2007,Wyoming,9.5,8965.707259953162,52433,534876,28995.966101694914
2008,Alabama,15.9,8965.707259953162,42586,4718206,28995.966101694914
2008,Alaska,9.2,8965.707259953162,67332,687455,28995.966101694914
2008,Arizona,14.7,7511.0,51009,6280362,15185.0
2008,Arkansas,17.3,8965.707259953162,38820,2874554,28995.966101694914
2008,California,13.3,34153.0,61017,36604337,114348.0
2008,Colorado,11.2,4512.0,57184,4889730,28995.966101694914
2008,Connecticut,9.1,4917.0,68294,3545579,10313.0
2008,Delaware,10.3,8965.707259953162,58380,883874,28995.966101694914
2008,District of Columbia,16.9,8965.707259953162,58553,580236,28995.966101694914
2008,Florida,13.3,27756.0,47802,18527305,94719.0
2008,Georgia,14.7,8965.707259953162,50834,9504843,28995.966101694914
2008,Hawaii,9.3,8965.707259953162,66701,1332213,28995.966101694914
2008,Idaho,12.5,8965.707259953162,47561,1534320,28995.966101694914
2008,Illinois,12.2,8965.707259953162,56230,12747038,28995.966101694914
2008,Indiana,12.9,8965.707259953162,48010,6424806,28995.966101694914
2008,Iowa,11.4,2206.0,49007,3016734,23443.0
2008,Kansas,11.3,2922.0,50174,2808076,28995.966101694914
2008,Kentucky,17.3,6863.0,41489,4289878,40215.0
2008,Louisiana,17.6,5769.0,43635,4435586,28995.966101694914
2008,Maine,12.6,1080.0,46419,1330509,13369.0
2008,Maryland,8.2,9941.0,70482,5684965,28995.966101694914
2008,Massachusetts,10.1,10311.0,65304,6468967,33191.0
2008,Michigan,14.4,16429.0,48606,9946889,28995.966101694914
2008,Minnesota,9.6,4177.0,57318,5247018,16857.0
2008,Mississippi,20.8,8965.707259953162,37818,2947806,28995.966101694914
2008,Missouri,13.5,8242.0,46847,5923916,40405.0
2008,Montana,14.1,8965.707259953162,43948,976415,28995.966101694914
2008,Nebraska,10.8,8965.707259953162,49731,1796378,28995.966101694914
2008,Nevada,11.2,8965.707259953162,56432,2653630,28995.966101694914
2008,New Hampshire,7.8,1123.0,63235,1315906,9906.0
2008,New Jersey,8.7,15230.0,70347,8711090,19788.0
2008,New Mexico,17.0,2126.0,43719,2010662,28995.966101694914
2008,New York,13.7,39360.0,55980,19212436,69656.0
2008,North Carolina,14.6,10703.0,46574,9309449,28995.966101694914
2008,North Dakota,11.5,8965.707259953162,45996,657569,28995.966101694914
2008,Ohio,13.3,8965.707259953162,48011,11515391,28995.966101694914
2008,Oklahoma,15.7,8965.707259953162,42836,3668976,28995.966101694914
2008,Oregon,13.5,2376.0,50165,3768748,28995.966101694914
2008,Pennsylvania,12.1,23878.0,50702,12612285,28995.966101694914
2008,Rhode Island,12.1,1591.0,54562,1055003,6000.0
2008,South Carolina,15.7,6075.0,44695,4528996,24709.0
2008,South Dakota,12.7,8965.707259953162,46244,799124,28995.966101694914
2008,Tennessee,15.5,8116.0,43610,6247411,28995.966101694914
2008,Texas,15.8,8965.707259953162,50049,24309039,28995.966101694914
2008,Utah,9.7,1404.0,56820,2663029,5951.0
2008,Vermont,10.4,360.0,52111,624151,3700.0
2008,Virginia,10.2,8965.707259953162,61210,7833496,28995.966101694914
2008,Washington,11.3,4669.0,58081,6562231,28995.966101694914
2008,West Virginia,17.4,2746.0,37528,1840310,28995.966101694914
2008,Wisconsin,10.5,5379.0,52103,5640996,20579.0
2008,Wyoming,9.5,8965.707259953162,54735,546043,28995.966101694914
2009,Alabama,17.5,8965.707259953162,40547,4757938,28995.966101694914
2009,Alaska,9.1,8965.707259953162,66712,698895,28995.966101694914
2009,Arizona,16.5,8265.0,48711,6343154,15265.0
2009,Arkansas,18.5,8965.707259953162,37888,2896843,28995.966101694914
2009,California,14.2,36434.0,58925,36961229,119468.0
2009,Colorado,12.6,4795.0,55735,4972195,28995.966101694914
2009,Connecticut,9.3,5334.0,66906,3561807,11429.0
2009,Delaware,11.2,8965.707259953162,56985,891730,28995.966101694914
2009,District of Columbia,17.6,8965.707259953162,58906,592228,28995.966101694914
2009,Florida,15.0,29778.0,44755,18652644,103104.0
2009,Georgia,16.6,8965.707259953162,47469,9620846,28995.966101694914
2009,Hawaii,10.4,8965.707259953162,63741,1346717,28995.966101694914
2009,Idaho,14.4,8965.707259953162,44644,1554439,28995.966101694914
2009,Illinois,13.3,8965.707259953162,53974,12796778,28995.966101694914
2009,Indiana,14.4,8965.707259953162,45427,6459325,28995.966101694914
2009,Iowa,11.8,2223.0,48065,3032870,24287.0
2009,Kansas,13.2,2867.0,47709,2832704,9113.0
2009,Kentucky,18.4,7492.0,40061,4317074,43422.0
2009,Louisiana,17.6,6500.0,42460,4491648,28995.966101694914
2009,Maine,12.6,1167.0,45708,1329590,13264.0
2009,Maryland,9.2,10675.0,69193,5730388,28995.966101694914
2009,Massachusetts,10.3,10577.0,64057,6517613,33996.0
2009,Michigan,16.1,16828.0,45254,9901591,28995.966101694914
2009,Minnesota,10.9,4130.0,55621,5281203,16046.0
2009,Mississippi,21.8,8965.707259953162,36764,2958774,28995.966101694914
2009,Missouri,14.6,8082.0,45149,5961088,36577.0
2009,Montana,15.0,8965.707259953162,42222,983982,28995.966101694914
2009,Nebraska,12.2,8965.707259953162,47470,1812683,28995.966101694914
2009,Nevada,12.4,8965.707259953162,53310,2684665,28995.966101694914
2009,New Hampshire,8.6,1098.0,60734,1316102,7281.0
2009,New Jersey,9.4,16608.0,68444,8755602,19543.0
2009,New Mexico,18.2,2058.0,42830,2036802,28995.966101694914
2009,New York,14.2,42211.0,54554,19307066,72428.0
2009,North Carolina,16.2,11007.0,43754,9449566,28995.966101694914
2009,North Dakota,11.7,8965.707259953162,47898,664968,28995.966101694914
2009,Ohio,15.1,8965.707259953162,45467,11528896,28995.966101694914
2009,Oklahoma,16.1,8965.707259953162,41716,3717572,28995.966101694914
2009,Oregon,14.3,2500.0,48325,3808600,28995.966101694914
2009,Pennsylvania,12.5,24408.0,49501,12666858,28995.966101694914
2009,Rhode Island,12.0,1750.0,53243,1053646,6451.0
2009,South Carolina,17.1,6308.0,42580,4589872,26070.0
2009,South Dakota,14.2,8965.707259953162,45048,807067,28995.966101694914
2009,Tennessee,17.2,8017.0,41715,6306019,28995.966101694914
2009,Texas,17.1,8965.707259953162,48286,24801761,28995.966101694914
2009,Utah,11.7,1649.0,55183,2723421,5612.0
2009,Vermont,11.5,419.0,51219,624817,3812.0
2009,Virginia,10.6,8965.707259953162,59372,7925937,28995.966101694914
2009,Washington,12.3,5058.0,56479,6667426,28995.966101694914
2009,West Virginia,17.8,2776.0,37423,1847775,28995.966101694914
2009,Wisconsin,12.4,5417.0,49994,5669264,19761.0
2009,Wyoming,10.2,8965.707259953162,54400,559851,28995.966101694914
2010,Alabama,18.9,8965.707259953162,40538,4785514,28995.966101694914
2010,Alaska,11.0,8965.707259953162,63456,713982,28995.966101694914
2010,Arizona,17.6,8050.0,46787,6407342,15807.0
2010,Arkansas,18.7,8965.707259953162,38413,2921998,28995.966101694914
2010,California,15.8,34838.0,57664,37319550,116121.0
2010,Colorado,13.2,4313.0,54411,5047539,28995.966101694914
2010,Connecticut,10.1,4616.0,64321,3579173,11056.0
2010,Delaware,11.9,8965.707259953162,56172,899647,28995.966101694914
2010,District of Columbia,18.8,8965.707259953162,60729,605282,28995.966101694914
2010,Florida,16.5,30112.0,44390,18846143,104339.0
2010,Georgia,18.0,8965.707259953162,46252,9712209,28995.966101694914
2010,Hawaii,11.1,8965.707259953162,62774,1364004,28995.966101694914
2010,Idaho,15.8,8965.707259953162,43259,1570819,28995.966101694914
2010,Illinois,13.8,8965.707259953162,52967,12840545,28995.966101694914
2010,Indiana,15.3,8965.707259953162,44616,6490555,28995.966101694914
2010,Iowa,12.5,2183.0,48031,3050819,24676.0
2010,Kansas,13.5,2571.0,47888,2858266,9530.0
2010,Kentucky,18.9,6584.0,40089,4348464,43992.0
2010,Louisiana,18.8,5746.0,42510,4544635,26842.0
2010,Maine,13.1,966.0,45882,1327651,12924.0
2010,Maryland,9.9,9507.0,68933,5788784,28995.966101694914
2010,Massachusetts,11.4,10133.0,62133,6566440,32047.0
2010,Michigan,16.7,15427.0,45354,9877597,28995.966101694914
2010,Minnesota,11.5,3660.0,55422,5310934,15458.0
2010,Mississippi,22.4,8965.707259953162,36992,2970615,28995.966101694914
2010,Missouri,15.3,8021.0,44306,5996089,35498.0
2010,Montana,15.2,8965.707259953162,42303,990730,28995.966101694914
2010,Nebraska,12.6,8965.707259953162,48415,1829591,28995.966101694914
2010,Nevada,14.8,8965.707259953162,50987,2702483,28995.966101694914
2010,New Hampshire,8.6,956.0,60917,1316807,28995.966101694914
2010,New Jersey,10.2,15075.0,67719,8799451,16453.0
2010,New Mexico,19.8,1792.0,42186,2064614,4668.0
2010,New York,15.0,37635.0,54047,19399956,70119.0
2010,North Carolina,17.4,10464.0,43417,9574586,28995.966101694914
2010,North Dakota,12.5,8965.707259953162,48878,674752,28995.966101694914
2010,Ohio,15.8,8965.707259953162,45151,11539449,28995.966101694914
2010,Oklahoma,16.8,8965.707259953162,42076,3760014,28995.966101694914
2010,Oregon,15.8,2291.0,46536,3837614,28995.966101694914
2010,Pennsylvania,13.4,21057.0,49245,12711406,28995.966101694914
2010,Rhode Island,14.1,1560.0,52053,1053994,5681.0
2010,South Carolina,18.1,5897.0,42117,4635846,25363.0
2010,South Dakota,14.6,8965.707259953162,45861,816193,28995.966101694914
2010,Tennessee,17.8,7212.0,41461,6355518,28995.966101694914
2010,Texas,17.9,8965.707259953162,48622,25241897,28995.966101694914
2010,Utah,13.3,1470.0,54740,2775413,5097.0
2010,Vermont,12.4,333.0,49393,625886,3687.0
2010,Virginia,11.1,8827.0,60665,8024004,28995.966101694914
2010,Washington,13.5,4793.0,55584,6743009,28995.966101694914
2010,West Virginia,18.2,2682.0,38241,1854265,28995.966101694914
2010,Wisconsin,13.2,4943.0,48974,5690538,20144.0
2010,Wyoming,11.4,8965.707259953162,53757,564531,28995.966101694914
2011,Alabama,19.1,8965.707259953162,41427,4799642,28995.966101694914
2011,Alaska,10.8,8965.707259953162,65699,722349,28995.966101694914
2011,Arizona,19.0,7570.0,46710,6473416,18239.0
2011,Arkansas,19.3,8965.707259953162,38889,2941038,28995.966101694914
2011,California,16.6,32949.0,57275,37636311,122708.0
2011,Colorado,13.4,4199.0,55530,5121900,28995.966101694914
2011,Connecticut,10.8,4452.0,65822,3588632,12220.0
2011,Delaware,12.6,8965.707259953162,58159,907590,28995.966101694914
2011,District of Columbia,19.1,8965.707259953162,62087,620290,28995.966101694914
2011,Florida,17.0,28544.0,44250,19055607,110160.0
2011,Georgia,19.2,8965.707259953162,45886,9803630,28995.966101694914
2011,Hawaii,12.1,8965.707259953162,62071,1379562,28995.966101694914
2011,Idaho,16.5,8965.707259953162,43345,1584272,28995.966101694914
2011,Illinois,14.9,8965.707259953162,53271,12867783,28995.966101694914
2011,Indiana,15.8,8965.707259953162,46410,6517250,28995.966101694914
2011,Iowa,12.7,2000.0,49545,3066772,24254.0
2011,Kansas,13.8,2325.0,48844,2869677,10205.0
2011,Kentucky,19.1,6335.0,41141,4370817,49453.0
2011,Louisiana,20.5,5811.0,41804,4576244,29177.0
2011,Maine,14.2,920.0,46160,1328473,14763.0
2011,Maryland,10.2,8974.0,70075,5840241,28995.966101694914
2011,Massachusetts,11.6,9928.0,63126,6614218,34243.0
2011,Michigan,17.5,14488.0,45931,9883053,28995.966101694914
2011,Minnesota,11.8,3513.0,56944,5346620,17630.0
2011,Mississippi,22.8,8965.707259953162,36963,2979147,28995.966101694914
2011,Missouri,15.8,7466.0,45231,6011182,38685.0
2011,Montana,15.2,8965.707259953162,44011,997518,28995.966101694914
2011,Nebraska,12.9,8965.707259953162,50281,1840914,28995.966101694914
2011,Nevada,15.8,8965.707259953162,49099,2713114,28995.966101694914
2011,New Hampshire,9.0,988.0,62436,1320444,28995.966101694914
2011,New Jersey,10.4,14938.0,67574,8828552,18983.0
2011,New Mexico,20.9,1808.0,42097,2080707,5375.0
2011,New York,16.1,36910.0,55147,19499921,75487.0
2011,North Carolina,17.8,8965.707259953162,44028,9658913,28995.966101694914
2011,North Dakota,12.0,8965.707259953162,52135,685526,28995.966101694914
2011,Ohio,16.3,8965.707259953162,45803,11545735,28995.966101694914
2011,Oklahoma,17.3,8965.707259953162,43232,3788824,28995.966101694914
2011,Oregon,17.3,1955.0,46876,3872672,28995.966101694914
2011,Pennsylvania,13.7,21441.0,50221,12747052,28995.966101694914
2011,Rhode Island,14.7,1437.0,53152,1053829,5932.0
2011,South Carolina,18.8,5745.0,42477,4672655,26390.0
2011,South Dakota,14.1,8965.707259953162,48188,823740,28995.966101694914
2011,Tennessee,18.4,7063.0,41691,6400298,28995.966101694914
2011,Texas,18.5,8965.707259953162,49390,25645504,28995.966101694914
2011,Utah,13.6,1585.0,55802,2814797,5440.0
2011,Vermont,11.9,345.0,52033,627197,3947.0
2011,Virginia,11.6,8943.0,61877,8102437,28995.966101694914
2011,Washington,13.9,4356.0,56811,6827479,28995.966101694914
2011,West Virginia,18.7,2786.0,38587,1856606,28995.966101694914
2011,Wisconsin,13.1,4750.0,50401,5705840,21217.0
2011,Wyoming,11.3,8965.707259953162,56044,567491,28995.966101694914
2012,Alabama,19.0,8965.707259953162,41610,4816632,28995.966101694914
2012,Alaska,10.8,8965.707259953162,66503,730810,28995.966101694914
2012,Arizona,18.7,7301.0,47796,6556344,19032.0
2012,Arkansas,19.6,8965.707259953162,40151,2952876,28995.966101694914
2012,California,17.0,32305.0,58322,37944551,119660.0
2012,Colorado,13.6,3807.0,56880,5193660,28995.966101694914
2012,Connecticut,10.6,4578.0,67275,3595211,13440.0
2012,Delaware,12.7,8965.707259953162,58326,915518,28995.966101694914
2012,District of Columbia,18.8,8965.707259953162,65231,635737,28995.966101694914
2012,Florida,17.2,28338.0,45006,19302016,119057.0
2012,Georgia,19.2,8965.707259953162,47125,9903580,28995.966101694914
2012,Hawaii,11.8,8965.707259953162,66086,1395199,28995.966101694914
2012,Idaho,16.0,8965.707259953162,45296,1595910,28995.966101694914
2012,Illinois,14.7,8965.707259953162,55126,12883029,28995.966101694914
2012,Indiana,15.5,8965.707259953162,46954,6538989,28995.966101694914
2012,Iowa,12.7,2057.0,50997,3076844,20402.0
2012,Kansas,14.0,2498.0,50140,2886024,12025.0
2012,Kentucky,19.3,5874.0,41717,4387865,49830.0
2012,Louisiana,20.1,5268.0,42998,4602067,32052.0
2012,Maine,14.4,950.0,46856,1328094,14397.0
2012,Maryland,10.4,8488.0,71169,5888375,28995.966101694914
2012,Massachusetts,11.9,8852.0,65378,6664269,34073.0
2012,Michigan,17.4,13613.0,46793,9898289,28995.966101694914
2012,Minnesota,11.4,3754.0,58828,5377500,17656.0
2012,Mississippi,23.8,8965.707259953162,37179,2984599,28995.966101694914
2012,Missouri,16.2,7240.0,45320,6026027,40622.0
2012,Montana,15.6,8965.707259953162,45030,1004168,28995.966101694914
2012,Nebraska,12.8,8965.707259953162,50766,1853691,28995.966101694914
2012,Nevada,16.2,8965.707259953162,49909,2744670,28995.966101694914
2012,New Hampshire,9.7,953.0,63157,1324677,9488.0
2012,New Jersey,10.7,14918.0,69705,8845671,20692.0
2012,New Mexico,20.6,1812.0,42828,2087715,5745.0
2012,New York,15.9,36592.0,56357,19574362,79555.0
2012,North Carolina,18.0,8965.707259953162,45195,9751810,28995.966101694914
2012,North Dakota,11.2,8965.707259953162,54579,702227,28995.966101694914
2012,Ohio,16.2,8965.707259953162,46873,11550971,28995.966101694914
2012,Oklahoma,17.2,8965.707259953162,44336,3819320,28995.966101694914
2012,Oregon,17.0,1934.0,49090,3900102,28995.966101694914
2012,Pennsylvania,13.7,19718.0,51225,12769123,28995.966101694914
2012,Rhode Island,14.2,1272.0,54002,1054893,5989.0
2012,South Carolina,18.3,5608.0,43290,4719027,28318.0
2012,South Dakota,13.6,8965.707259953162,48439,833859,28995.966101694914
2012,Tennessee,18.0,6341.0,42743,6455752,51686.0
2012,Texas,17.9,8965.707259953162,50747,26084120,28995.966101694914
2012,Utah,13.0,1740.0,57067,2854146,5815.0
2012,Vermont,11.9,312.0,52700,626361,3910.0
2012,Virginia,11.8,8705.0,61782,8187456,28995.966101694914
2012,Washington,13.6,4386.0,57574,6898599,28995.966101694914
2012,West Virginia,18.0,2451.0,40188,1857446,28995.966101694914
2012,Wisconsin,13.2,5138.0,51063,5720825,20721.0
2012,Wyoming,11.9,8965.707259953162,55104,576656,28995.966101694914
2013,Alabama,18.9,8965.707259953162,42882,4831586,28995.966101694914
2013,Alaska,10.1,8965.707259953162,70058,737626,28995.966101694914
2013,Arizona,18.6,6027.0,48504,6634690,16641.0
2013,Arkansas,19.4,8965.707259953162,40605,2960459,28995.966101694914
2013,California,16.8,30657.0,60185,38253768,123885.0
2013,Colorado,12.9,3650.0,58942,5270774,14353.0
2013,Connecticut,10.7,4186.0,67262,3595792,13091.0
2013,Delaware,12.9,8965.707259953162,58244,924062,28995.966101694914
2013,District of Columbia,18.8,8965.707259953162,66326,651559,28995.966101694914
2013,Florida,17.1,28252.0,46021,19551678,117130.0
2013,Georgia,19.0,8965.707259953162,47765,9975592,28995.966101694914
2013,Hawaii,11.2,8965.707259953162,67798,1408822,28995.966101694914
2013,Idaho,15.6,8965.707259953162,46621,1612053,28995.966101694914
2013,Illinois,14.6,8965.707259953162,56212,12895778,28995.966101694914
2013,Indiana,15.8,8965.707259953162,47508,6570575,28995.966101694914
2013,Iowa,12.6,1822.0,52286,3093935,18013.0
2013,Kansas,13.9,2025.0,50892,2894306,12573.0
2013,Kentucky,18.8,4962.0,43307,4406906,48634.0
2013,Louisiana,20.0,4463.0,44234,4626040,33343.0
2013,Maine,14.0,802.0,47095,1328543,12582.0
2013,Maryland,10.2,7803.0,72482,5925197,28995.966101694914
2013,Massachusetts,11.9,7957.0,66794,6715158,32275.0
2013,Michigan,17.0,12663.0,48200,9914802,28995.966101694914
2013,Minnesota,11.2,3317.0,60664,5414722,17149.0
2013,Mississippi,23.9,8965.707259953162,38191,2989839,28995.966101694914
2013,Missouri,15.8,6513.0,46905,6042989,39846.0
2013,Montana,16.1,8965.707259953162,46893,1014158,28995.966101694914
2013,Nebraska,12.9,8965.707259953162,51502,1865813,28995.966101694914
2013,Nevada,15.8,8965.707259953162,51250,2776956,28995.966101694914
2013,New Hampshire,9.0,812.0,64064,1327272,8251.0
2013,New Jersey,11.4,14091.0,70224,8857821,20698.0
2013,New Mexico,21.4,1775.0,44026,2092833,6684.0
2013,New York,16.0,33819.0,57255,19626488,74989.0
2013,North Carolina,17.8,8965.707259953162,45946,9846717,28995.966101694914
2013,North Dakota,11.6,8965.707259953162,56800,723149,28995.966101694914
2013,Ohio,15.9,8965.707259953162,48138,11579692,28995.966101694914
2013,Oklahoma,16.7,8965.707259953162,45724,3853891,28995.966101694914
2013,Oregon,16.5,1913.0,50228,3924110,28995.966101694914
2013,Pennsylvania,13.7,18325.0,52005,12779538,28995.966101694914
2013,Rhode Island,14.7,1155.0,55015,1055560,5300.0
2013,South Carolina,18.5,5276.0,44310,4766469,28648.0
2013,South Dakota,14.0,8965.707259953162,49200,842751,28995.966101694914
2013,Tennessee,17.8,5871.0,44268,6496943,50388.0
2013,Texas,17.5,8965.707259953162,51714,26479646,28995.966101694914
2013,Utah,12.6,1529.0,59715,2898773,5850.0
2013,Vermont,12.3,358.0,52511,626603,3812.0
2013,Virginia,11.7,8230.0,62745,8255861,28995.966101694914
2013,Washington,14.1,3898.0,58431,6966252,28995.966101694914
2013,West Virginia,18.4,2078.0,41195,1854768,28995.966101694914
2013,Wisconsin,13.5,4992.0,51474,5738012,20150.0
2013,Wyoming,10.9,8965.707259953162,58424,582620,28995.966101694914
2014,Alabama,19.2,8965.707259953162,42917,4843737,28995.966101694914
2014,Alaska,11.4,8965.707259953162,70898,737075,28995.966101694914
2014,Arizona,18.2,5718.0,50036,6732873,17566.0
2014,Arkansas,18.7,8965.707259953162,41335,2968759,28995.966101694914
2014,California,16.4,29055.0,61927,38586706,123278.0
2014,Colorado,12.1,3979.0,61324,5352637,18770.0
2014,Connecticut,10.8,4295.0,70007,3595697,13088.0
2014,Delaware,13.0,8965.707259953162,59853,933131,28995.966101694914
2014,District of Columbia,18.4,8965.707259953162,69992,663603,28995.966101694914
2014,Florida,16.6,28014.0,47439,19853880,132779.0
2014,Georgia,18.4,8965.707259953162,49240,10071204,28995.966101694914
2014,Hawaii,11.5,8965.707259953162,69549,1415335,28995.966101694914
2014,Idaho,14.8,8965.707259953162,47572,1632248,28995.966101694914
2014,Illinois,14.3,8965.707259953162,57458,12885092,28995.966101694914
2014,Indiana,15.2,8965.707259953162,49384,6596019,28995.966101694914
2014,Iowa,12.3,1843.0,53816,3110643,20219.0
2014,Kansas,13.5,2067.0,52392,2901861,12437.0
2014,Kentucky,19.0,4815.0,42914,4416992,56242.0
2014,Louisiana,19.9,4289.0,44680,4645938,34513.0
2014,Maine,14.0,766.0,49381,1331217,12104.0
2014,Maryland,10.4,7190.0,73851,5960064,29578.0
2014,Massachusetts,11.7,8199.0,69200,6764864,31684.0
2014,Michigan,16.2,13107.0,49755,9932033,28995.966101694914
2014,Minnesota,11.4,3371.0,61473,5452665,18077.0
2014,Mississippi,21.9,8965.707259953162,39738,2991892,28995.966101694914
2014,Missouri,15.5,6939.0,48288,6059130,42404.0
2014,Montana,15.2,8965.707259953162,46608,1022657,28995.966101694914
2014,Nebraska,12.3,8965.707259953162,52803,1879955,28995.966101694914
2014,Nevada,15.4,8965.707259953162,51487,2818935,28995.966101694914
2014,New Hampshire,9.2,802.0,66469,1334257,7817.0
2014,New Jersey,11.1,13611.0,71968,8867277,21733.0
2014,New Mexico,20.6,1860.0,44905,2090236,6464.0
2014,New York,16.0,33506.0,58771,19653431,74854.0
2014,North Carolina,17.2,8965.707259953162,46596,9937295,201794.0
2014,North Dakota,11.1,8965.707259953162,60227,738736,28995.966101694914
2014,Ohio,15.8,8965.707259953162,49349,11606573,28995.966101694914
2014,Oklahoma,16.6,8965.707259953162,47524,3879187,28995.966101694914
2014,Oregon,16.4,2034.0,51088,3965447,28995.966101694914
2014,Pennsylvania,13.6,17417.0,53224,12792392,28995.966101694914
2014,Rhode Island,14.8,1348.0,54797,1056511,5038.0
2014,South Carolina,17.9,4676.0,45337,4826858,29166.0
2014,South Dakota,14.1,8965.707259953162,51059,849670,28995.966101694914
2014,Tennessee,18.2,5479.0,44357,6544617,53493.0
2014,Texas,17.2,8965.707259953162,53067,26963092,28995.966101694914
2014,Utah,11.8,1511.0,60943,2938327,5844.0
2014,Vermont,12.0,288.0,54153,625693,3648.0
2014,Virginia,11.8,7591.0,64923,8315430,28995.966101694914
2014,Washington,13.2,3792.0,61358,7057531,28995.966101694914
2014,West Virginia,18.3,1874.0,41030,1850569,28995.966101694914
2014,Wisconsin,13.2,5165.0,52632,5753199,21484.0
2014,Wyoming,11.2,8965.707259953162,58291,583159,28995.966101694914
